issue,front,back
26040,01 07 14 33 35,01 02
26040,01 07 14 33 35,01 03
26040,01 07 14 33 35,01 04
26040,01 07 14 33 35,01 05
26040,01 07 14 33 35,01 06
26040,01 07 14 33 35,01 07
26040,01 07 14 33 35,01 08
26040,01 07 14 33 35,01 09
26040,01 07 14 33 35,01 10
26040,01 07 14 33 35,01 11
26040,01 07 14 33 35,01 12
26040,01 07 14 33 35,02 03
26040,01 07 14 33 35,02 04
26040,01 07 14 33 35,02 05
26040,01 07 14 33 35,02 06
26040,01 07 14 33 35,02 07
26040,01 07 14 33 35,02 08
26040,01 07 14 33 35,02 09
26040,01 07 14 33 35,02 10
26040,01 07 14 33 35,02 11
26040,01 07 14 33 35,02 12
26040,01 07 14 33 35,03 04
26040,01 07 14 33 35,03 05
26040,01 07 14 33 35,03 06
26040,01 07 14 33 35,03 07
26040,01 07 14 33 35,03 08
26040,01 07 14 33 35,03 09
26040,01 07 14 33 35,03 10
26040,01 07 14 33 35,03 11
26040,01 07 14 33 35,03 12
26040,01 07 14 33 35,04 05
26040,01 07 14 33 35,04 06
26040,01 07 14 33 35,04 07
26040,01 07 14 33 35,04 08
26040,01 07 14 33 35,04 09
26040,01 07 14 33 35,04 10
26040,01 07 14 33 35,04 11
26040,01 07 14 33 35,04 12
26040,01 07 14 33 35,05 06
26040,01 07 14 33 35,05 07
26040,01 07 14 33 35,05 08
26040,01 07 14 33 35,05 09
26040,01 07 14 33 35,05 10
26040,01 07 14 33 35,05 11
26040,01 07 14 33 35,05 12
26040,01 07 14 33 35,06 07
26040,01 07 14 33 35,06 08
26040,01 07 14 33 35,06 09
26040,01 07 14 33 35,06 10
26040,01 07 14 33 35,06 11
26040,01 07 14 33 35,06 12
26040,01 07 14 33 35,07 08
26040,01 07 14 33 35,07 09
26040,01 07 14 33 35,07 10
26040,01 07 14 33 35,07 11
26040,01 07 14 33 35,07 12
26040,01 07 14 33 35,08 09
26040,01 07 14 33 35,08 10
26040,01 07 14 33 35,08 11
26040,01 07 14 33 35,08 12
26040,01 07 14 33 35,09 10
26040,01 07 14 33 35,09 11
26040,01 07 14 33 35,09 12
26040,01 07 14 33 35,10 11
26040,01 07 14 33 35,10 12
26040,01 07 14 33 35,11 12
